,Unnamed: 0,date,description,displayName,id,name,value
0,0,,,Puma,1361314,Austria PUMA Dassler Ges. m.b.H.,
1,1,,,Puma,1361316,Dobotex Austria GmbH,
2,2,,,Puma,1361318,Wilderness Holdings Ltd.,
3,3,,,Puma,1361320,PUMA Sport Hrvatska d.o.o.,
19,19,,,Puma,1361352,Branded Sports Merchandising UK Ltd.,
20,20,,,Puma,1361354,Genesis Group International Ltd.,
21,21,,,Puma,1361356,Admiral Teamsports Ltd.,
22,22,,,Puma,1361358,"Sport Equipment Hellas S. A. of Footwear,Apparel and Sportswear u.Li.",
23,23,,,Puma,1361360,Apparel and Sportswear u.Li.,
32,32,,,Puma,1361378,Brand Plus Licensing B.V.,
35,35,,,Puma,1361384,Dobo Logic B.V.,
40,40,,,Puma,1361389,PUMA-RUS o.o.o.,
46,46,,,Puma,1361395,Nrotert AB,
50,50,,,Puma,1361399,Mount PUMA AG (Schweiz),
57,57,,,Puma,1361406,Unisol S.A.,
63,63,,,Puma,1361412,Servicios Profesionales RDS,
64,64,,,Puma,1361413,Importaciones RDS,
66,66,,,Puma,1361415,Importationes Brand Plus Licensing,
67,67,,,Puma,1361416,Distribuidora Deportiva PUMA S.A.C.,
73,73,,,Puma,1044356,Cobra Golf Incorporated,
76,76,,,Puma,1361424,Janed,
81,81,,,Puma,1361429,White Diamond Australia Pty. Ltd.,
83,83,,,Puma,1361433,Kalola Pty. Ltd.,
84,84,,,Puma,1361435,Liberty China Holding Ltd.,
87,87,,,Puma,1361441,Guangzhou World Cat Information Consulting Services Company Ltd.,
88,88,,,Puma,1361443,World Cat Ltd.,
89,89,,,Puma,1361445,Development Services Ltd.,
97,97,,,Puma,1361461,PT PUMA Cat Indonesia Ltd.,
103,103,,,Puma,1361473,PUMANILA IT Services Inc.,
109,109,2018-02-08,Bras N Things is a women's apparel and accessories company offering its products through its retail network.,Hanesbrands,283137,Bras N Things,400000000 USD
110,110,,,Bonmarche,1361620,Bluebird UK Topco Limited,
112,112,,,Bonmarche,841822,Bonmarché Limited,
113,113,,,Revolve,1385367,Twist Holdings,
114,114,,,Revolve,1385369,Advance Development,
115,115,,,Revolve,1385370,Forward by Elyse Walker,
116,116,,,Revolve,1385372,RVLV UK Limited,
117,117,,,Revolve,1385368,Eminent,
118,118,,,Revolve,1385371,Alliance Apparel Group,
119,119,2013-06-25,Go Try it On is a smartphone app that allows users toshare fashion-related content and create a shopping list of products.,Rent the Runway,47557,Go Try It On,
120,120,2017-02-23,"Skip Hop creates unique, innovative, and highly functional products designed to make parenting easier, better, and more fun.",Carter's,51194,Skip Hop,140000000 USD
121,121,,,LPP,1382039,LPP Retail Sp. z o.o. Gda_sk,
122,122,,,LPP,1382040,DP&SL Sp. z o.o. Gda_sk,
123,123,,,LPP,1382041,IL&DL Sp. z o.o. Gda_sk,
124,124,,,LPP,1382042,AMUR Sp. z o.o. Gda_sk,
131,131,,,LPP,1382049,RE Trading OOO Moscow,
136,136,,,LPP,1382054,Gothals LTD Nicosia,
139,139,,,LPP,1382057,IPMS Management Services FZE Ras Al Khaimah,
141,141,,,LPP,1382059,LLC Re Development Moscow,
144,144,,,LPP,1382062,P&L Marketing and Advertising Agency SA,
145,145,2014-05-16,"LitRes is an ebook store offering products for PCs, and iOS, Android, and Windows devices.",OZON.ru,142081,LitRes,
146,146,2012-02-15,"Sapato.ru is a Russian-based e-commerce platform offering various brands of shoes, bags, gloves and shoe care products.",OZON.ru,72319,Sapato.ru,
147,147,2016-11-02,RedMart is a Singapore-based online supermarket that home-delivers groceries and essentials.,Lazada,83118,RedMart,
148,148,,,UNIQLO,1359926,PT. FAST RETAILING INDONESIA,
149,149,,,UNIQLO,1359921,FAST RETAILING (CHINA) TRADING CO.,
150,150,,,UNIQLO,1359922,FRL Korea Co,
151,151,,,UNIQLO,1359923,LLC UNIQLO (RUS),
152,152,,,UNIQLO,1359919,UNIQLO CO,
158,158,,,House of Fraser,1351270,House of Fraser (UK 8. Ireland) Acquisitions Ltd,
162,162,,,House of Fraser,1351282,James Beanie Ltd,
166,166,,,House of Fraser,1351297,HoF Property Investment Holdings Ltd,
167,167,,,House of Fraser,1351299,Beatties Limited,
168,168,,,House of Fraser,1351301,Criminal Clothing Limited,
169,169,,,House of Fraser,1351303,Dickins & Jones Limited,
170,170,,,House of Fraser,1351305,Tec7 Limited,
173,173,,,House of Fraser,1351312,BL Fraser Limited,
174,174,,,House of Fraser,1351314,Biba Retail Limited,
178,178,,,House of Fraser,1351322,"Jenners, Princes Street, Edinburgh Limited",
179,179,,,House of Fraser,1351324,Irish Branch of House of Fraser (Stores) Limited,
182,182,2016-07-26,"Jabong.com is India's favourite fashion multi-brand e-store and caters to the fashion aspirations of modern India. With more than 1500 on-trend international high-street brands, sports labels to Indian ethnic and designer labels, there is everything and more for a consumer to choose from. The choice is huge. Read, over 150,000 styles. Besides collaborations with designers, international labels, Jabong.com also associates itself with major Bollywood blockbuster and brings in the new wave in fashion trends. Jabong.com offers innovative services like express delivery, 30-day return policy, open box delivery for prompt delivery and efficient service.",Myntra,884855,Jabong,70000000 USD
183,183,2013-04-04,,Myntra,1357469,Fitiquette,
184,184,2018-08-01,,Myntra,1360841,Pretr Online Services Pvt. Ltd.,
185,185,2018-04-16,,Myntra,1360842,Withdraw,
186,186,2017-11-29,Fashion & Lifestyle Ecommerce Platform,Myntra,90355,20Dresses,
187,187,2017-04-19,,Myntra,1360843,InLogg,
188,188,2016-07-20,,Myntra,694148,HRX,
189,189,2016-07-12,,Myntra,1360844,Cubeit,
190,190,2012-11-09,,Myntra,1360845,Exclusively,
191,191,2014-09-15,mytheresa.com is a European luxury online retailer that stands for the finest edit of over 200 international designer brands’ collections.,Neiman Marcus Group,44728,mytheresa.com,150000000 EUR
192,192,2016-09-02,,Voonik,267206,Dekkoh,
193,193,2015-08-26,,Voonik,267208,Trialkart,
194,194,2016-06-06,,Voonik,267207,Zohraa Lifestyles,
195,195,2019-08-08,"Lord & Taylor is an upscale specialty department store that has built a reputation for attentive customer service and high-quality merchandise focused on apparel and accessories. Founded in 1826, Lord & Taylor is America's oldest department store and one of America's premier retailers. Today, Lord & Taylor operates 50 full-line stores in ten states and the District of Columbia, four Lord & Taylor outlet stores and lordandtaylor.com, the company's online store.",Le Tote,338832,Lord & Taylor,100000000 USD
196,196,,,New Balance,1347471,Warrior Lacrosse,
197,197,,,New Balance,1347472,New Balance Athletic Shoes UK LTD,
198,198,,,New Balance,1347473,Brine,
199,199,,,New Balance,709812,Alfico SAU,
200,200,,,New Balance,1347474,Gartner Sports,
202,202,,,New Balance,1347476,"Vital Apparel Group, Inc.",
203,203,,,New Balance,1347477,Steam S.A.,
204,204,,,New Balance,1416143,Dunham Brand,
205,205,2015-08-03,,New Balance,1104463,The Rockport Company,280000000 USD
206,206,,,New Balance,1416142,Innovative Hockey,
207,207,,Athletic shoe company,New Balance,146088,PF Flyers,
208,208,2018-06-28,,Centric Brands,1092708,Global Brands Group,1380000000 USD
209,209,,,Patagonia,277298,Tin Shed Ventures,
210,210,,,Salvatore Ferragamo,1361430,Ferragamo Retail Nederland B.V.,
223,223,,,Salvatore Ferragamo,1361456,S-Fer International Inc.,
224,224,,,Salvatore Ferragamo,1361458,Sator Realty Inc.,
230,230,,,Salvatore Ferragamo,1361470,"Chinese area (Hong Kong, Taiwan, PRC)",
232,232,,,Salvatore Ferragamo,1361474,Ferrimag Limited,
244,244,2013-11-27,IWC is improving the way that wells are drilled and completed.,Burton,208410,Intelligent Well Controls,
245,245,2011-04-21,SensorTran develops fiber optic-based distributed temperature sensing systems and solutions for the energy industry.,Burton,27166,SensorTran,
246,246,2010-09-23,"The Permedia Research Group is the developer of MPath, the industry-leading petroleum exploration and development software toolkit.",Burton,59514,Permedia Research Group,
247,247,1996-07-02,Landmark Graphics Corporation provides software and consulting services for the upstream oil and gas industry.,Burton,120459,Landmark Graphics,557000000 USD
248,248,2016-02-28,Hayneedle (formerly known as NetShops) is an online retail company that offers home and lifestyle products.,Jet.com,43711,Hayneedle,80000000 USD
249,249,2017-03-16,ModCloth is an e-tailer of vintage-inspired fashion and decor.,Jet.com,835,ModCloth,
250,250,2017-03-29,"Armada is a manufacturer of skis, poles, technical outerwear.",Amer Sports,257486,Armada,
251,251,2017-09-27,"Cabela's is an omnichannel retailer of hunting, fishing, camping, shooting sports and related outdoor merchandise",Bass Pro Shops,92677,Cabela's,5500000000 USD
252,252,2018-11-05,,Canada Goose,662494,Baffin,32500000 CAD
253,253,2016-11-14,"American Apparel is a vertically-integrated clothing manufacturer, distributor and retailer.",Gildan Activewear,43824,American Apparel,
254,254,2015-10-19,,Rad,597498,FLXone,
255,255,2014-12-17,,Rad,864313,RainStor Inc,
256,256,2014-07-22,Hadapt is a cloud-optimized system offering an analytical platform for performing complex analytics on structured and unstructured data.,Rad,68530,Hadapt,
257,257,2014-05-01,,Rad,1391933,Ozone Online,
258,258,2017-07-13,StackIQ develops a multi-server management system for clusters and clouds.,Rad,123690,StackIQ,
259,259,2014-09-03,Think Big Analytics provides data science and engineering services.,Rad,83684,Think Big Analytics,
260,260,2010-08-10,Kickfire is ananalytic database appliance manufacturer for the MySQL data warehouse market.,Rad,26046,Kickfire,
261,261,2014-07-22,,Rad,599459,Revelytix Inc,
262,262,2012-05-02,"Ecircle is an email and digital marketing solutionist providing the digital market with tailor-made, SaaS-based email marketing solutions.",Rad,44175,eCircle,
263,263,2010-12-22,Aprimo provides an enterprise marketing management solution that enables businesses to implement and manage online marketing activities.,Rad,17718,Aprimo,550000000 USD
264,264,2011-04-03,Aster Data provides big data management and analysis solutions for businesses that handle data-driven applications.,Rad,18795,Aster Data Systems,
265,265,2015-01-13,Appoxee is a cloud-based mobile app engagement platform providing app publishers with services to improve app engagement and retention.,Rad,81942,Appoxee,20000000 USD
266,266,,,Rad,1391856,"Teradata International, Inc.",
285,285,,,Rad,1391875,TD Nameholder Corporation,
295,295,,,Rad,1391885,TRDT Brasil Tecnologia Ltda.,
300,300,,,Rad,1391890,TDC Colombia Limitada,
309,309,,,Rad,1391899,Lunexa Advantage Knowledge Processing Services Private Limited,
310,310,,,Rad,1391900,PT. Tdata Indonesia,
318,318,,,Rad,1391908,TData Corporation (Malaysia) Sdn. Bhd.,
342,342,,,Rad,1391932,Big Data Partnership Limited,
343,343,2017-07-27,,Bolt Threads,275125,Best Made Company,
344,344,2018-02-15, Favor Delivery provides a mobile-based food delivery application designed to deliver restaurant based food.,H-E-B,86780,Favor Delivery,
345,345,,,ITC,1415487,"Stitch Fix Gift Cards, LLC",
346,346,,,ITC,1415488,"Partner In Style, Ltd.",
349,349,2016-08-01,,Cache,1346722,Vertigo Digital Displays,
350,350,,,Cache,1306336,Carmanah Signs Inc.,
351,351,,Mobile Coupon Advertising and GIFT/Loyalty solutions for Small Business.,Cache,146563,LIFT Network,
352,352,2018-03-28,,Cache,702795,X2O Media Inc,
353,353,2017-09-27,"In-store analytics and marketing platform for retailers and airports to measure, optimise and personalise the omnichannel customer experience",Cache,76248,Walkbase,
354,354,2017-01-10,,Cache,328052,Real Digital Media,
355,355,2017-03-27,,Cache,1346721,LiftRetail Solutions,
356,356,2016-08-01,Scala is an object-functional programming language for general software applications.,Cache,239274,Scala,
357,357,2015-10-07,,Cache,1346723,Premier Retail Networks,
358,358,,,Cache,547188,enVu LLC,
359,359,,,Cache,1346726,"SuperLumin Networks, LLC",
360,360,,,Cache,1346727,ActiVia Networks S.A.,
361,361,2018-12-12,,Cache,1417410,Scala China,
362,362,2017-12-21,,Cache,1417411,iDklic,
363,363,2018-11-12,,Cache,555050,Sys-Teams Ltd,
364,364,2017-09-19,"Stylish tuxedo rentals and suit rentals tailored for you. We are all online, and deliver your tux right to your door.",Generation Tux,171916,Menguin,25000000 USD
365,365,2016-08-08,The company set out to be a different kind of mattress retailer.,Steinhoff International,195076,Mattress Firm,2400000000 USD
366,366,1995-09-30,,Macy's,275563,Broadway Stores,
367,367,2015-02-03,,Macy's,275561,Bluemercury,
368,368,2005-02-27,,Macy's,275562,May Department Stores Company,
369,369,,,Macy's,1345332,"Advertex Communications, Inc.",
370,370,,,Macy's,1345333,"Bloomingdale's, Inc.",
371,371,,,Macy's,1345334,"Bloomingdale’s The Outlet Store, Inc.",
372,372,,,Macy's,1345335,"Bloomingdales.com, LLC",
373,373,,,Macy's,1345336,FDS Bank,
375,375,,,Macy's,1345338,"Macy's Backstage, Inc.",
376,376,,,Macy's,1345339,"Macy’s Corporate Services, Inc.",
387,387,,,Macy's,1345352,"Macys.com, LLC",
390,390,,,Macy's,1345353,West 34th Street Insurance Company New York,
391,391,2018-05-02,,Macy's,1261772,STORY,
392,392,,,Gap,261052,Athleta (ITM) Inc.,
395,395,,,Gap,261055,Banana Republic (Apparel),
399,399,,,Gap,261059,Corporate HQ Support Mexico,
400,400,,,Gap,261060,Direct Consumer Services,
401,401,,,Gap,261061,Forth & Towne (Apparel) LLC,
403,403,,,Gap,261063,Gap (Apparel),
430,430,,,Gap,261093,GPS (Great Britain) Limited,
437,437,,,Gap,261100,GPSDC (New York) Inc.,
441,441,,,Gap,261104,Old Navy (Apparel),
446,446,,,Gap,261108,ON Stores Mexico,
447,447,,,Gap,261109,Piperlime (Japan) G.K.,
448,448,,,Gap,261110,WCB Twenty-Eight Limited Partnership,
449,449,2016-12-05,Weddington Way is an online boutique for bridal party fashion.,Gap,1529,Weddington Way,
450,450,2013-01-03,,Gap,903106,Intermix,130000000 USD
452,452,2017-12-13,,Target,278810,Shipt,550000000 USD
453,453,2017-08-14,Courier / local delivery industry SaaS,Target,149412,Grand Junction,
454,454,2015-09-22,,Target,1345564,Sonia Kashuk,
455,455,2015-03-18,"A Bullseye View is an online magazine, blog, and a marketing forum that offers latest fashion industry related information to its users.",Target,239899,A Bullseye View,
456,456,2014-11-20,PoweredAnalytics is democratizing predictive analytics with a cloud-based platform that enables companies to make predictions from big,Target,165490,PoweredAnalytics,
457,457,2013-08-06,Your Prescription For All Things Skin And Beauty.,Target,208064,DermStore,
458,458,2013-03-14,"Cooking.com is an online store for kitchen products, which offers a collection of recipes and community features.",Target,16526,Cooking.com,
459,459,2013-03-14,,Target,1345565,Chefs Catalog,
460,460,1998-01-01,,Target,1345567,Associated Merchandising Corporation,
461,461,,,Target,1345569,"Target Brands, Inc. (MN)",
465,465,2015-05-13,,Farfetch,311517,Browns,
466,466,2017-06-13,,Farfetch,1346737,Style.com,
467,467,2018-07-20,,Farfetch,1359569,CuriosityChina,
468,468,2018-12-12,Stadium Goods is a marketplace for sneakers and apparel.,Farfetch,255872,Stadium Goods,250000000 USD
469,469,2019-08-08,,Farfetch,1412805,New Guards Group,675000000 USD
470,470,,,Farfetch,1417951,Farfetch.com Ltd,
471,471,,,Farfetch,1417952,Farfetch UK Limited,
472,472,,,Farfetch,1417953,FFBR importacao e exportacao LTDA,
475,475,,,Farfetch,1417956,"Fashion Concierge Powered By Farfetch, LLC",
480,480,,,Farfetch,1417961,LASO.CO.LTD,
486,486,,,Farfetch,1417967,"F&C Fashion Concierge, LDA",
494,494,,,Farfetch,1417975,"Farftech US Holdings, INC",
497,497,,,Farfetch,1417978,"Yankee Merger Sub, LLC",
498,498,,,Costco,1413948,Costco Wholesale Membership,
500,500,,,Costco,1413950,NW Re Ltd.,
502,502,,,Costco,1413952,PriceCostco International,
507,507,,,Nordstrom,264570,Nordstrom fsb,
509,509,,,Adidas,1357005,adidas (China) Ltd.,
585,585,,,Adidas,1357081,adisport Corporation,
586,586,,,Adidas,1357082,"Concept Sport, S.A.",
587,587,,,Adidas,1357084,"Global Merchandising, S.L.",
588,588,,,Adidas,1357087,Hydra Ventures B.V.,
589,589,,,Adidas,1357089,"LLC adidas, Ltd.",
590,590,,,Adidas,1357091,PT adidas Indonesia,
591,591,,,Adidas,1357094,Raelit S.A.,
597,597,,,Adidas,1357109,SC adidas-Ukraine,
598,598,,,Adidas,1357112,"Spartanburg DC, Inc.",
599,599,,,Adidas,1357114,"Stone Age Equipment, Inc.",
600,600,,,Adidas,1357115,Tafibal S.A.,
601,601,,,Adidas,1357116,"Textronics, Inc.",
602,602,,,Adidas,1357117,Trafford Park DC Limited,
603,603,1997-09-17,,Adidas,1357119,Salomon AG,1400000000 USD
604,604,2012-06-30,Custom Golf Culbs,Adidas,171712,Adams Golf,
605,605,2008-12-08,Textronics develops and commercializes wearable textile sensor components and clothing solutions for fitness and health monitoring.,Adidas,56739,Textronics,
606,606,2007-11-12,,Adidas,1174874,Mitchell & Ness,
607,607,2005-08-03,Reebok is an athletic footwear and apparel company.,Adidas,45432,Reebok,3800000000 USD
608,608,2015-08-05,"Runtastic is a mobile fitness company that combines traditional fitness with mobile applications, social networking and elements of gamification as a logical reaction to the quantified self movement.",Adidas,43858,Runtastic,240000000 USD
609,609,2011-11-04,,Adidas,1357118,Five Ten USA,
610,610,,,Foot Locker,261416,FLE Logistics B.V.,
611,611,,,Foot Locker,261409,FL Europe Holdings,
616,616,,,Foot Locker,261419,Foot Locker Artigos desportivos e de tempos livres,
618,618,,"Sneakers, Shoes, Clothing",Foot Locker,77630,Eastbay,
651,651,,,Foot Locker,261461,Footlocker.com,
652,652,,,Foot Locker,261463,Freedom Sportsline Limited,
653,653,,,Foot Locker,261464,RPG Logistics,
654,654,,,Foot Locker,261466,Runners Point Administration GmbH,
657,657,,,Foot Locker,261472,Sidestep GmbH,
658,658,,,Foot Locker,261473,Team Edition Apparel,
660,660,,,Foot Locker,1384429,"Eastbay, Inc.",
689,689,,,Foot Locker,1384458,"Footlocker.com, Inc.",
692,692,,,Foot Locker,1384581,Xilinx Benelux B.V.B.A.,
694,694,,,Foot Locker,669727,Auviz Systems Inc,
700,700,,,Foot Locker,1384588,Midgard Acquisition LLC,
716,716,,,Foot Locker,1384604,MemoBit Technologies AB,
718,718,,,Marks & Spencer,1359795,Amethyst Leasing (Holdings) Limited,
719,719,,,Marks & Spencer,1359796,Hedge End Park Limited,
720,720,,,Marks & Spencer,1359797,M&S Limited,
721,721,,,Marks & Spencer,1359798,Manford (Textiles) Limited,
722,722,,,Marks & Spencer,1359799,Marks & Spencer Company Archive CIC,
738,738,,,Marks & Spencer,1359815,Minterton Services Limited,
740,740,,,Marks & Spencer,1359817,Ruby Properties (Enfield) Limited,
741,741,,,Marks & Spencer,1359818,St. Michael (Textiles) Limited,
744,744,,,Marks & Spencer,1359821,Busyexport Limited,
766,766,,,Marks & Spencer,1359844,Simply Food (Property Investments),
775,775,,,Marks & Spencer,1359855,Ou MSF Estonia,
776,776,,,Marks & Spencer,1359856,Andis SARL,
778,778,,,Marks & Spencer,1359858,Ignazia Limited,
780,780,,,Marks & Spencer,1359860,Teranis Limited,
781,781,,,Marks & Spencer,1359861,M.S. General Insurance L.P.,
786,786,,,Marks & Spencer,1359866,Supreme Tradelinks Private Limited,
787,787,,,Marks & Spencer,1359867,Aprell Limited,
791,791,,,Marks & Spencer,1359871,UAB MSF Lithuania,
792,792,,,Marks & Spencer,1359872,M & S Mode International B.V.,
800,800,,,Marks & Spencer,1359882,MSF Slovakia S.R.O,
805,805,,,Stitch Fix,1415487,"Stitch Fix Gift Cards, LLC",
806,806,,,Stitch Fix,1415488,"Partner In Style, Ltd.",
809,809,2017-03-01,,Zalando,280176,KICKZ AG,
810,810,,,Zalando,280247,MyBrands GmbH,
811,811,,,Zalando,280175,Zalando Limited,
812,812,2016-05-12,,Zalando,280178,Tradebyte Software GmbH,
814,814,2015-03-05,,Zalando,280242,Metrigo,
816,816,2016-05-18,,Zalando,280177,AMAZE,
817,817,2015-12-22,,Zalando,280179,nugg.ad GmbH,
818,818,,,Zalando,1361310,zLabels GmbH,
831,831,,,Zalando,1361333,Bread & Butter GmbH & Co. KG,
832,832,,,Zalando,1361335,Portokali Property Development III SE & Co. KG,
833,833,,,Zalando,1361337,Fashion Connectivity Technologies GmbH,
834,834,,,Zalando,1361339,Mobile Fashion Discovery GmbH,
839,839,,,Zalando,1361349,ifansho Holding GmbH,
846,846,,,Zalando,1361363,Ifansho Portugal,
848,848,,,Zalando,1361367,Lindentor 308. V V GmbH,
849,849,,,Zalando,1361369,Terrehill Investments sp. z o.o.,
850,850,,,Zalando,1361371,Anatwine Ltd.,
855,855,,,Zalando,1361381,Le New Black S.A.S.,
856,856,,,Zalando,1361383,FashionTrade.com B.V.,
857,857,2013-01-31,,Inditex,1359881,Z-Fashion Finland Oy,
858,858,2013-01-30,,Inditex,1359883,Zara Finland,
859,859,2005-12-01,,Inditex,1359885,Massimo Dutti Mexico,
860,860,1999-01-01,,Inditex,1359887,Stradivarius Espana Sa,
861,861,1998-01-01,,Inditex,1359889,Bershka BSK España,
862,862,1991-01-01,,Inditex,1359891,Pull & Bear Italia,
863,863,,,Inditex,1359892,Comditel,
865,865,,,Inditex,1359894,Choolet,
866,866,,,Inditex,1359895,Confecciones Fdios,
868,868,,,Inditex,1359897,Denllo,
869,869,,,Inditex,1359898,Hampton,
870,870,,,Inditex,1359899,Nikole,
871,871,,,Inditex,1359900,Samlor,
872,872,,,Inditex,1359901,Stear,
873,873,,,Inditex,1359902,Trisko,
874,874,,,Inditex,1359903,Zintura,
875,875,,,Inditex,1359904,Glencare,
876,876,,,Inditex,1359905,Indipunt,
888,888,,,Inditex,1359917,G.Zara Uruguay,
899,899,,,Inditex,1359938,Za Giyim Ithalat Ihracat Ve Ticaret Ltd.,
912,912,,,Inditex,1359951,ZAO Zara CIS,
925,925,,,Inditex,1359964,Kommanditgesellschaft ZARA Deutschland B.V. & Co.,
926,926,,,Inditex,1359965,ITX Fashion retail South Africa,
927,927,,,Inditex,1359966,Group Zara Australia Pty. Ltd.,
928,928,,,Inditex,1359967,"Limited Liability Company ""ZARA BLR""",
935,935,,,Inditex,1359974,Inditex Montenegro,
938,938,,,Inditex,1359977,Kiddy´s Class Espana,
939,939,,,Inditex,1359978,Fibracolor,
941,941,,,Inditex,1359980,Retail Group Kazakhstan,
945,945,,,Inditex,1359984,Oysho Espana,
970,970,,,Inditex,1360009,Grupo Massimo Dutti,
1004,1004,,,Inditex,1360042,MD Benelux,
1005,1005,,,Inditex,1360043,Italco Moda Italiana,
1007,1007,,,Inditex,1360045,KG Massimo Dutti Deutschland,
1010,1010,,,Inditex,1360048,Master Retail Kazakhstan,
1040,1040,,,Inditex,1360078,Plataforma Cabanillas,
1041,1041,,,Inditex,1360079,P&B Gmbh,
1043,1043,,,Inditex,1360081,Pro Retail Kazakhstan,
1047,1047,,,Inditex,1360085,Pull&Bear S,
1049,1049,,,Inditex,498119,Uterque,
1052,1052,,,Inditex,1360089,Gruputerque Portugal Conf. Lda,
1092,1092,,,Inditex,1360129,BSKE,
1096,1096,,,Inditex,1360133,Best Retail Kazakhstan,
1129,1129,,,Inditex,1360166,Spanish Retail Kazakhstan,
1149,1149,,,Inditex,1360186,ZHE,
1166,1166,,,Inditex,1360203,G. Zara Home Uruguay,
1182,1182,,,Inditex,1360219,Lefties Logdistica,
1184,1184,,,Inditex,1360221,Tordera Logdistica,
1185,1185,,,Inditex,1360222,Nueva comercializadora global XXI,
1186,1186,,,Inditex,1360223,Corporacion de Servicios XX1,
1188,1188,,,Inditex,1360225,Goa-Invest,
1192,1192,,,Inditex,1360229,SNC Zara France Immobiliere,
1193,1193,,,Inditex,1360230,SCI Vastgoed Ferreol P03302,
1197,1197,,,Inditex,1360234,Invercarpro,
1198,1198,,"A marketing and technology agency whose solutions combine Creative Design, Content Production and eCommerce solutions.",Inditex,170342,BORN,
1199,1199,,,Inditex,1360235,LFT RUS Ltd,
1200,1200,,,Inditex,1360236,Lelystad Platform,
1201,1201,,,Inditex,1360237,Robustae Mexico,
1207,1207,,,Inditex,1360242,Fashion Logistic Forwarders,
1209,1209,,,Inditex,1360244,FSF New York,
1213,1213,,,Inditex,1360248,ITXR Macedonaia Dooel Skopje,
1224,1224,,,Inditex,1360259,CDC Trading (Shangai) Co. LTD.,
1228,1228,,,Inditex,1360263,FGI Gestion Mex,
1229,1229,,,ASOS,1361600,ASOS Intermediate Holdings Limited,
1230,1230,,,ASOS,1361601,Mornington & Co (No. 1) Limited,
1232,1232,,,ASOS,1361603,ASOS.com Limited,
1233,1233,,,ASOS,1361604,Crooked Tongues Limited,
1234,1234,,,ASOS,635559,Covetique Limited,
1250,1250,,,Sainsbury's,1350753,ARG Personal Loans Limited,
1252,1252,,,Sainsbury's,1350755,Argos (Asia) Limited,
1264,1264,,,Sainsbury's,1350770,Avebury (Asia) Limited,
1265,1265,,,Sainsbury's,1350771,Barleygold Limited,
1266,1266,,,Sainsbury's,1350772,Bed Store & More Limited,
1267,1267,,,Sainsbury's,1350774,BLSSP (PHC 7) Limited,
1268,1268,,,Sainsbury's,1350775,Braemar Castle Limited,
1269,1269,,,Sainsbury's,1350776,Brand Leaders Limited,
1270,1270,,,Sainsbury's,1350777,Chad Valley Limited,
1271,1271,,,Sainsbury's,1350778,Clearance Bargains Limited,
1272,1272,,,Sainsbury's,1350779,Cliffrange Limited,
1273,1273,,,Sainsbury's,1350780,Coolidge Investments Limited,
1274,1274,,,Sainsbury's,1350781,Financial Recovery Services Limited,
1275,1275,,,Sainsbury's,1350782,First Stop Stores Limited,
1276,1276,,,Sainsbury's,1350783,Flint Castle Limited,
1277,1277,,,Sainsbury's,1350785,Habitat Retail Limited,
1278,1278,,,Sainsbury's,1350786,Holborn  Investments Limited,
1290,1290,,,Sainsbury's,1350803,J Sainsbury Common Investment Fund Limited,
1295,1295,,,Sainsbury's,1350808,Jacksons Stores 2002 Limited,
1297,1297,,,Sainsbury's,1350810,JS Information Systems Limited,
1299,1299,,,Sainsbury's,1350812,JSD (London) Limited,
1300,1300,,,Sainsbury's,1350813,Jungle Online,
1301,1301,,,Sainsbury's,1350814,Jungle.com Holdings Limited,
1303,1303,,,Sainsbury's,1350816,Nash Court (Kenton) Limited,
1304,1304,,,Sainsbury's,1350817,Premier Incentives Limited,
1305,1305,,,Sainsbury's,1350818,Ramheath Properties Limited,
1306,1306,,,Sainsbury's,1350819,Sainsbury Bridgeco Holdco Limited,
1314,1314,,,Sainsbury's,1350827,Sainsbury's Asia (Shanghai) Limited,
1319,1319,,,Sainsbury's,1350833,Commerce Building,
1321,1321,,,Sainsbury's,1350835,Sainsburys Corporate Director Limited,
1329,1329,,,Sainsbury's,1350843,Software Warehouse Holdings Limited,
1330,1330,,,Sainsbury's,1350845,Stamford House Investments Limited,
1334,1334,,,Sainsbury's,1350849,Stanhope Finance Limited,
1335,1335,,,Sainsbury's,1350850,Tintagel Castle Limited,
1336,1336,,,Sainsbury's,1350851,Town Centre Retail (Bicester) Limited,
1337,1337,2016-09-30,,Sainsbury's,1350797,Home Retail Group Limited,1400000000 GBP
1338,1338,2004-02-18,,Sainsbury's,1350773,Bells Stores Limited,
1339,1339,2012-06-30,"Anobii is an online reading community that enables its users to shelve, find and share books.",Sainsbury's,21849,Anobii,1 GBP
1340,1340,2018-02-01,,Sainsbury's,1090927,NECTAR,60000000 GBP
1341,1341,2005-04-29,,Sainsbury's,1352062,SL Shaw Ltd,6000000 GBP
1342,1342,1994-10-04,,Sainsbury's,1352066,Giant Food,325000000 USD
1343,1343,2004-12-01,,Sainsbury's,1352230,JB Beaumont,
1344,1344,1999-01-01,,Sainsbury's,1352225,Egyptian distribution Group S.A.E,100000000 GBP
1345,1345,2004-08-16,,Sainsbury's,1352228,Jackson Stores Ltd,
1346,1346,,,VF Corporation,281672,"20X de Mexico, S.A.",
1347,1347,,,VF Corporation,281673,All Crown S.A.,
1348,1348,,,VF Corporation,281674,Beatle Properties Limited,
1349,1349,,,VF Corporation,281675,Beyko Konfeksiyon lc ve Dis Ticaret Limited Sirketi,
1350,1350,,,VF Corporation,281676,Blue Bell Wrangler Do Brasil Indus De Conf Ltda,
1351,1351,,,VF Corporation,281684,Imagewear Apparel Corp,
1352,1352,,,VF Corporation,281691,Kipling Apparel Corp.,
1353,1353,,,VF Corporation,281698,Manufacturera WR Alajuela,
1354,1354,,,VF Corporation,281703,NV Warehouse Co.,
1355,1355,,,VF Corporation,281704,Pro Skate Park Organization,
1356,1356,,,VF Corporation,281709,Servicios y Promociones Textiles Limitada,
1360,1360,,,VF Corporation,281677,C.C.R.L,
1361,1361,,,VF Corporation,281680,GS Holding Srl.,
1362,1362,,,VF Corporation,281686,Inversiones VF Chile Dos Limitada,
1363,1363,,,VF Corporation,281690,Jeanswear Ventures,
1364,1364,,,VF Corporation,281692,LBI Luxembourg Holdings S.àr.l.,
1366,1366,,,VF Corporation,281699,Nautica Apparel,
1367,1367,,,VF Corporation,281707,Retail Productivity Management,
1368,1368,,,VF Corporation,281713,The North Face S.a.g.l.,
1369,1369,,,VF Corporation,281682,H.D. Lee Apparel Ltd.,
1370,1370,,,VF Corporation,281688,JanSport Apparel Corp.,
1372,1372,,,VF Corporation,281702,North Elm Properties,
1373,1373,,,VF Corporation,281715,TI Venture Group,
1379,1379,,,VF Corporation,281693,Lee Bell,
1381,1381,,,VF Corporation,281705,R&R Apparel Company,
1382,1382,,,VF Corporation,281708,RKI Honduras S.A.,
1386,1386,,,VF Corporation,281681,Green Sport Monte Bianco Srl,
1391,1391,,,VF Corporation,281694,lucy apparel,
1393,1393,,,VF Corporation,281701,NII Sales - Texas,
1394,1394,,,VF Corporation,281706,"Red Kap de Mexico, S. de R.L. de C.V.",
1395,1395,,,VF Corporation,281710,South Cone,
1403,1403,,,VF Corporation,281730,TBL Investment Holdings GmbH,
1404,1404,,,VF Corporation,1346194,"530 Park Avenue (10-F) Properties, LLC",
1405,1405,,,VF Corporation,1346198,"Administradora WD Honduras, S.A.",
1407,1407,,,VF Corporation,1346204,Corporacion Distribudora Dickies S. de R.L. de C.V.,
1409,1409,,,VF Corporation,1346210,Etablissementen Van Moer N.V.,
1412,1412,,,VF Corporation,1346236,"Seven For All Mankind International, LLC",
1413,1413,,,VF Corporation,1346249,V.F. Perú S.R.L.,
1414,1414,,,VF Corporation,1346252,"Vans Spain, S.L.",
1415,1415,,,VF Corporation,1346254,VF (Gibraltar) Enterprises Limited,
1420,1420,,,VF Corporation,1346298,"United Kingdom VF Imagewear, Inc.",
1425,1425,,,VF Corporation,1346370,"Walls Trading (Shanghai), Ltd.",
1426,1426,,,VF Corporation,1346372,WD Supply Holding Limited,
1427,1427,,,VF Corporation,1346374,Williamson Industries Limited,
1430,1430,,,VF Corporation,1346206,"Dickies de Honduras, S.A.",
1450,1450,,,VF Corporation,1346300,Mexico VF International Holding GmbH,
1465,1465,,,VF Corporation,1346362,"VFJ Ventures, LLC",
1466,1466,,,VF Corporation,1346364,"VFSLA Commercial Services, LLC",
1469,1469,,,VF Corporation,1346394,World Jeans VF Asia Limited and Partners,
1471,1471,,,VF Corporation,1346212,HD Lee Spain S.L.,
1472,1472,,,VF Corporation,1346214,"Industrial Laundry Services, LLC",
1493,1493,,,VF Corporation,1346366,"W-D Apparel Company, LLC",
1499,1499,,,VF Corporation,1346205,Cutler de Mexico SA,
1502,1502,,,VF Corporation,1346219,Kodiak Group Holdings Company,
1530,1530,,,VF Corporation,1346393,"Workrite Uniform Company, LLC",
1531,1531,,,VF Corporation,1346396,Wrangler Apparel Corp,
1534,1534,,,VF Corporation,1346220,"Kodiak-Terra Usa, LLC",
1535,1535,,,VF Corporation,1346222,"Locker Holdings, LLC",
1540,1540,,,VF Corporation,1346253,"Vans, Inc.",
1557,1557,,,VF Corporation,1346363,"VFJ-CSS de Mexico, S.A. de C.V.",
1559,1559,,,VF Corporation,1346373,Wililamson-Dickie Manufacturing Company,
1565,1565,,,VF Corporation,1346199,"Arsenal Fashion España, S.L.",
1567,1567,,,VF Corporation,1346203,"C.C.R.L., LLC",
1569,1569,,,VF Corporation,1346215,"Industrias Coahuila de Zaragoza, S. de R.L. de C.V.",
1599,1599,,,VF Corporation,1346395,Worldwide Workwear (UK) Ltd.,
1602,1602,2011-03-30,,VF Corporation,530682,Rock & Republic,
1603,1603,2017-08-14,,VF Corporation,1346389,"Williamson-Dickie Manufacturing Company, LLC",830000000 USD
1604,1604,2007-07-26,Reimagining care and support for today’s expecting parents as they transition to leave and back-to-work.,VF Corporation,256707,Lucy,
1605,1605,2006-12-22,,VF Corporation,281678,Eagle Creek,
1614,1614,2018-03-14,,VF Corporation,1372615,Altra Footwear,
1615,1615,2017-11-02,Connects like-minded people with personalized cues in Professional and Social Setting,VF Corporation,16984,IceBreaker,
1616,1616,2011-06-13,,VF Corporation,1372616,Timberland,
1617,1617,2009-03-31,"Mo Industries is a designer, manufacturer, marketer, and wholesaler of premium branded apparel  primarily marketed under the Ella Moss",VF Corporation,166080,Mo Industries Holdings,
1618,1618,2007-02-28,,VF Corporation,754087,Majestic Athletic Official Store,
1619,1619,2012-12-21,leading off-price Internet retailer,The TJX Companies,224080,Sierra Trading Post,200000000 USD
1620,1620,1995-10-17,"Marshalls plc is the UK's leading manufacturer of natural stone and concrete hard landscaping products, supplying the home improvement and commercial markets.",The TJX Companies,123536,Marshalls,550000000 USD
1621,1621,,,The TJX Companies,264581,NBC Attire,
1622,1622,,,The TJX Companies,264583,Newton Buying Corp,
1630,1630,,,The TJX Companies,264594,Arizona Merchants Inc.,
1631,1631,,,The TJX Companies,264595,TJX Incentive Sales,
1632,1632,,,The TJX Companies,264596,Marmaxx Operating Corp.,
1637,1637,,,The TJX Companies,264603,New York Department Stores,
1645,1645,,,The TJX Companies,264622,Strathmex Corp.,
1646,1646,,,The TJX Companies,264624,HomeGoods,
1647,1647,,,The TJX Companies,264626,H.G. Indiana Distributors,
1648,1648,,,The TJX Companies,264629,H. G. Conn. Merchants,
1656,1656,,,The TJX Companies,264763,T.K. Maxx Holding GmbH,
1658,1658,,,The TJX Companies,264772,WMI-99 Holding Company,
1668,1668,,,The TJX Companies,264722,Concord Buying Group,
1670,1670,,,The TJX Companies,264734,T.J. Maxx of CA,
1671,1671,,TK Maxx is the retailer of apparel and home goods.,The TJX Companies,264748,TK Maxx,
1674,1674,,,The TJX Companies,264770,WMI-1 Holding Company,
1676,1676,,,The TJX Companies,264777,Jusy Meazza Buying Company S.r.L.,
1681,1681,,,The TJX Companies,264773,Winners Merchants International,
1687,1687,,,The TJX Companies,264785,STP Retail,
1689,1689,,,The TJX Companies,264787,Derailed,
1700,1700,,,The TJX Companies,264809,Fashion Factory Outlets (Trade Secret) Pty Limited,
1705,1705,,,The TJX Companies,264814,AJW South Bend Realty Corp.,
1717,1717,,,The TJX Companies,1382887,Wagon Wheel Realty,
1721,1721,,,The TJX Companies,1382891,WMI-1 Holding Company,
1722,1722,,,The TJX Companies,1382892,WMI-99 Holding Company,
1734,1734,2003-07-09,Shoe company,Nike,154225,Converse,309000000 USD
1735,1735,2002-02-22,Hurley is a big brand providing a large chain of Apparel,Nike,134168,Hurley,
1736,1736,1988-04-25,"Cole Haan manufactures and markets apparel and outerwear, shoes, handbags and wallets, and accessories worldwide.",Nike,119166,Cole Haan,80000000 USD
1737,1737,,,Nike,261143,Accelerator Studio LLC,
1738,1738,,,Nike,261145,All Star C.V.,
1739,1739,,,Nike,261146,American Converse S.L.U.,
1741,1741,,,Nike,261149,A.S. Roma Merchandising S.R.L.,
1742,1742,,,Nike,261150,BRS NIKE Taiwan Inc.,
1756,1756,,,Nike,261229,NIKE Codrus Coöperatief U.A.,
1758,1758,,,Nike,261182,F.C. Internazionale Merchandising s.r.l.,
1759,1759,,,Nike,261190,"Futbol Club Barcelona Merchandising, S.L.",
1775,1775,,,Nike,261204,LATAM Comercio de Productos Esportivos Ltda.,
1780,1780,,,Nike,261188,French Football Merchandising S.A.S.,
1867,1867,,,Nike,261375,North West Merchandising Limited,
1868,1868,,,Nike,261384,Twin Dragons Holding B.V.,
1873,1873,,,Nike,261385,Yugen Kaisha Hurley Japan,
1876,1876,,,Nike,261376,PT Hurley Indonesia,
1881,1881,,,Nike,261380,Triax Insurance,
1885,1885,2016-08-02,,Nike,280707,Virgin Mega USA,
1886,1886,2007-10-23,,Nike,280706,Umbro,
1887,1887,2018-04-09,,Nike,771286,Ivertex,
1888,1888,2019-08-06,Celect is a predictive analytics platform.,Nike,126834,Celect,
1889,1889,2000-11-30,,American Eagle Outfitters,279178,Thrifty's Inc.,
1890,1890,,,American Eagle Outfitters,279179,AE Admin Services Co LLC,
1891,1891,,,American Eagle Outfitters,279211,American Eagle Outfitters Dutch Op Co B.V.,
1893,1893,,,American Eagle Outfitters,279216,Blue Heart Enterprises LLC,
1894,1894,,,American Eagle Outfitters,279219,"BSI Imports Company, LLC",
1896,1896,2000-11-30,,American Eagle Outfitters,279177,National Logistics Services,
1902,1902,,,American Eagle Outfitters,279223,Retail Distribution East LLC,
1904,1904,2015-11-03,,American Eagle Outfitters,279176,Tailgate Clothing,
1908,1908,,,American Eagle Outfitters,279222,NS Holdings Co.,
1910,1910,2015-11-03,,American Eagle Outfitters,279175,Todd Snyder,
1914,1914,,,American Eagle Outfitters,279187,AEH Holding Company,
1915,1915,,,American Eagle Outfitters,279188,AEO Asia Hold Co. LLC,
1919,1919,,,American Eagle Outfitters,279220,Linmar Realty Company II LLC,
1920,1920,,,American Eagle Outfitters,279221,North Sails Americas LLC,
1921,1921,,,Under Armour,277676,Under Armour Europe B.V.,
1923,1923,,,Under Armour,277680,UA Sourcing CBT,
1925,1925,2015-07-01,Group fitness discovery and creation.,Under Armour,191521,Gritness,
1926,1926,2015-02-04,"Endomondo is a social fitness network and mobile app allowing users to track their workouts, challenge friends, and analyze their training.",Under Armour,40043,Endomondo,85000000 USD
1927,1927,2013-11-14,MapMyFitness operates a suite of fitness-oriented websites and associated mobile applications.,Under Armour,1296,MapMyFitness,150000000 USD
1930,1930,2015-02-04,MyFitnessPal is a company developing a platform for keeping a food diary. ,Under Armour,1297,MyFitnessPal,475000000 USD
1932,1932,,,Ted Baker,1361751,No Ordinary Designer Label Ltd,
1933,1933,,,Ted Baker,462887,Ted Baker Limited,
1937,1937,,,Ted Baker,1361764,Big Lobster Limited,
1941,1941,,,Ted Baker,1361765,Little Lobster Limited,
1947,1947,2017-10-16,AmeriPride Services offers uniform rental and linen supply services.,Aramark,272438,AmeriPride Services,1000000000 USD
1948,1948,2011-08-29,,Aramark,272442,Filterfresh Coffee Service,145000000 USD
1949,1949,2011-03-18,,Aramark,272445,ReMedPar,
1950,1950,2014-02-23,,Aramark,272441,Lotus Facilities Management,
1951,1951,2011-03-18,,Aramark,272443,"Medical Equipment Solutions & Applications, Sagl (MESA)",
1952,1952,2011-03-18,,Aramark,272444,Masterplan,
1953,1953,2006-05-11,,Aramark,272447,Golden Collar,
1954,1954,2017-10-16,,Aramark,272439,Avendra,1350000000 USD
1955,1955,2015-11-11,,Aramark,272440,Avoca,
1956,1956,2009-10-02,,Aramark,272446,Veris Plc,50000000 USD
1957,1957,2006-06-05,"SeamlessWeb is an online food ordering system that links people with local restaurants, caterers and onsite dining providers.",Aramark,38584,SeamlessWeb,
1958,1958,1992-02-28,,Aramark,272448,WearGuard,
1959,1959,,,Aramark,272449,"1ST & Fresh, LLC",
1960,1960,,,Aramark,272450,"American Snack & Beverage, LLC",
1961,1961,,,Aramark,272451,"Aramark American Food Services, LLC",
2014,2014,,,Aramark,272538,"Aramark-FINCO of Texas, LLC",
2015,2015,,,Aramark,272540,"Aramark-KWAME of St. Louis, LLC",
2016,2016,,,Aramark,272542,Aramark/Giacometti Joint Venture,
2017,2017,,,Aramark,272544,Aramark/GM Concessions Joint Venture,
2018,2018,,,Aramark,272546,"Aramark/Gourmet HE-2, LLC",
2019,2019,,,Aramark,272548,Aramark/HF Company,
2020,2020,,,Aramark,272550,Aramark/Martin's Stadium Concession Services OPACY Joint Venture,
2021,2021,,,Aramark,272552,Aramark/SFS Joint Venture,
2022,2022,,,Aramark,272554,"Canyonlands Rafting Hospitality, LLC",
2023,2023,,,Aramark,272555,"Corporate Coffee Systems, LLC",
2024,2024,,,Aramark,272557,Delicious on West Street LLC,
2025,2025,,,Aramark,272559,Doyon/Aramark Denali National Park Concessions Joint Venture,
2027,2027,,,Aramark,272563,"Glacier Bay National Park and Preserve Concessions, LLC",
2028,2028,,,Aramark,272565,"Harrison Conference Associates, LLC",
2029,2029,,,Aramark,272567,"Harry M. Stevens, LLC",
2031,2031,,,Aramark,272571,"L&N Uniform Supply, LLC",
2032,2032,,,Aramark,272573,"Landy Textile Rental Services, LLC",
2033,2033,,,Aramark,272575,"MyAssistant, Inc.",
2034,2034,,,Aramark,272577,Old Time Coffee Co.,
2035,2035,,,Aramark,272579,"Overall Laundry Services, Inc.",
2036,2036,,,Aramark,272585,"South Rim Hospitality, LLC",
2037,2037,,,Aramark,272587,"Tarrant County Concessions, LLC",
2038,2038,,,Aramark,272589,"Travel Systems, LLC",
2039,2039,,,Aramark,272591,AIL Servicos Alimenticios e Participacoes Ltda.,
2040,2040,,,Aramark,272592,AIM Services Co. Ltd.,
2041,2041,,,Aramark,272594,ARA Coffee Club Limited,
2074,2074,,,Aramark,272661,Aramark/Dasko Restaurant and Catering Services S.A.,
2077,2077,,,Aramark,272667,Beijing Golden Collar Dining Ltd.,
2078,2078,,,Aramark,272669,Campbell Catering (N.I.) Ltd.,
2081,2081,,,Aramark,272675,Caterwise Food Services Limited,
2082,2082,,,Aramark,272677,Central de Abastecimiento Limitada,
2085,2085,,,Aramark,272683,Centro de Innovacion y Servicio S.A.,
2086,2086,,,Aramark,272685,Distributor JV Limited,
2087,2087,,,Aramark,272687,Food JV Limited,
2088,2088,,,Aramark,272689,Hunters Catering Partnership Limited,
2089,2089,,,Aramark,272691,Inversiones Aramark Chile Limitada,
2093,2093,,,Aramark,272695,Irish Estates (Facilities Management) Limited,
2094,2094,,,Aramark,272697,Nissho Linen,
2095,2095,,,Aramark,272699,Premier Management Company (Dublin) Limited,
2096,2096,,,Aramark,272701,Seguricorp Servicios S.A.,
2097,2097,,,Aramark,272703,Stuart Cabeldu Catering Limited,
2098,2098,,,Aramark,272705,Vector Environmental Services Limited,
2135,2135,,,Aramark,272539,"Aramark-Gourmet DPS, LLC",
2136,2136,,,Aramark,272541,"Aramark-SFS Healthcare J.V., L.L.C.",
2137,2137,,,Aramark,272543,"Aramark/Globetrotters, LLC",
2139,2139,,,Aramark,272547,"Aramark/Hart Lyman Entertainment, LLC",
2140,2140,,,Aramark,272549,"Aramark/HMS, LLC",
2141,2141,,,Aramark,272551,"Aramark/QHC, LLC",
2142,2142,,,Aramark,272553,"Brand Coffee Service, Inc.",
2143,2143,,,Aramark,272556,"D.G. Maren II, Inc.",
2144,2144,,,Aramark,272558,"Delsac VIII, Inc.",
2146,2146,,,Aramark,272562,"Fine Host Holdings, LLC",
2147,2147,,,Aramark,272564,"Gourmet Aramark Services, LLC",
2150,2150,,,Aramark,272570,"HPSI Purchasing Services, LLC",
2151,2151,,,Aramark,272572,"Lake Tahoe Cruises, LLC",
2152,2152,,,Aramark,272574,"Lifeworks Restaurant Group, LLC",
2153,2153,,,Aramark,272576,"New Aramark, LLC",
2154,2154,,,Aramark,272578,"Olympic Peninsula Hospitality, LLC",
2155,2155,,,Aramark,272580,"Paradise Hornblower, LLC",
2156,2156,,,Aramark,272581,Philadelphia Ballpark Concessions Joint Venture,
2157,2157,,,Aramark,272582,"Restaura, Inc.",
2158,2158,,,Aramark,272583,"Rocky Mountain Hospitality, LLC",
2159,2159,,,Aramark,272584,"Rushmore Hospitality, LLC",
2160,2160,,,Aramark,272586,"Sun Office Service, Inc.",
2161,2161,,,Aramark,272588,The Aramark Foundation,
2162,2162,,,Aramark,272590,"Yosemite Hospitality, LLC",
2197,2197,,,Aramark,272660,"Aramark, S.R.O.",
2198,2198,,,Aramark,272662,ARAMONT Company Ltd.,
2204,2204,,,Aramark,272674,Catering Alliance Limited,
2205,2205,,,Aramark,272676,CDR Mantenimiento Integral S.A.,
2208,2208,,,Aramark,272682,Centrapal S.R.L.,
2209,2209,,,Aramark,272684,Complete Purchasing Services Inc.,
2210,2210,,,Aramark,272686,Effective Partnerships Limited,
2211,2211,,,Aramark,272688,Glenrye Properties Services Limited,
2212,2212,,,Aramark,272690,Instituto ICS S.A.,
2213,2213,,,Aramark,272696,MESA,
2214,2214,,,Aramark,272698,Orange Support Services Limited,
2216,2216,,,Aramark,272702,Spokesoft Technologies Limited,
2219,2219,,,Sports Direct,1361830,5 Pointz Limited,
2220,2220,,,Sports Direct,1361831,Acre 653 Limited,
2221,2221,,,Sports Direct,1361832,Activator Brands Limited,
2223,2223,,,Sports Direct,1361834,Active Apparel New Corp,
2224,2224,,,Sports Direct,1361835,AP Brands Holdings Ltd,
2225,2225,,,Sports Direct,1361836,Beauty Brand Management Limited,
2226,2226,,,Sports Direct,1361837,Bellatrix Associates Limited,
2229,2229,,,Sports Direct,1361840,Bob's Stores USA LLC,
2230,2230,,,Sports Direct,1361841,Brands & Fashion NV,
2236,2236,,,Sports Direct,1361847,Brasher Leisure Limited,
2237,2237,,,Sports Direct,1361848,BSL International Limited,
2238,2238,,,Sports Direct,1361849,Cafico - Comercio de Artigos de Desportos S.A.,
2239,2239,,,Sports Direct,1361850,Campri Limited,
2240,2240,,,Sports Direct,1361851,Carlton Shuttlecocks Limited,
2242,2242,,,Sports Direct,1361853,CDS IP SA,
2243,2243,,,Sports Direct,1361854,Climber & Rambler Limited,
2244,2244,,,Sports Direct,1361855,Community Bug Limited,
2245,2245,,,Sports Direct,1361856,Cruise Clothing Limited,
2246,2246,,,Sports Direct,1361857,David Geoffrey & Associates (UK) Limited,
2247,2247,,,Sports Direct,1361859,Design Source Supply Limited,
2248,2248,,,Sports Direct,1361861,Dink Digital Holdings Limited,
2250,2250,,,Sports Direct,1361866,Direct Fishing Limited,
2253,2253,,,Sports Direct,1361872,Donnay International N.V.,
2254,2254,,,Sports Direct,1361874,SC(ESOP) Limited,
2255,2255,,,Sports Direct,1361876,SC (Subco 2016) Ltd,
2258,2258,,,Sports Direct,1361882,SDI Sports (SC 2016) Ltd,
2260,2260,,,Sports Direct,1361886,Eastchance Limited,
2261,2261,,,Sports Direct,1361888,Epoch Properties Limited,
2262,2262,,,Sports Direct,1361890,Etail Services Limited,
2263,2263,,,Sports Direct,1361892,European Branded Clearance Company Limited,
2264,2264,,,Sports Direct,1361894,Everlast Australia Limited,
2270,2270,,,Sports Direct,1361906,Exsports Limited,
2271,2271,,,Sports Direct,1361908,Feniger And Blackburn Limited,
2272,2272,,,Sports Direct,1361910,Field & Trek (UK) Ltd,
2274,2274,,,Sports Direct,1361914,Firetrap Limited,
2275,2275,,,Sports Direct,1361916,Forever Media Limited,
2278,2278,,,Sports Direct,1361920,Freeshield Limited,
2279,2279,,,Sports Direct,1361922,Gaelic Boots Limited,
2280,2280,,,Sports Direct,1361924,Gelert IP Limited,
2282,2282,,,Sports Direct,1361928,Global Apparel (HK) Limited,
2283,2283,,,Sports Direct,1361930,Golddigga Brands Limited,
2284,2284,,,Sports Direct,1361932,Goudie Squash International Limited,
2285,2285,,,Sports Direct,1361934,Gradidges Limited,
2286,2286,,,Sports Direct,1361936,Graduate Clothing Limited,
2287,2287,,,Sports Direct,1361938,Gul IP Limited,
2289,2289,,,Sports Direct,1361942,Heatons,
2294,2294,,,Sports Direct,1361952,Heaven or Hell Limited,
2295,2295,,,Sports Direct,1361954,HK Sports & Golf Aktiebolag,
2296,2296,,,Sports Direct,1361955,Hot Tuna IP Limited,
2297,2297,,,Sports Direct,1361958,Hsports Limited,
2298,2298,,,Sports Direct,1361960,International Brand Management Limited*,
2299,2299,,,Sports Direct,1361962,James Lillywhites Limited,
2300,2300,,,Sports Direct,1361964,Kangol Holdings Limited,
2303,2303,,,Sports Direct,1361970,Karrimor Limited,
2305,2305,,,Sports Direct,1361972,Keith Bishop Public Relations Limited,
2306,2306,,,Sports Direct,1361973,Kensington Health Clubs Limited,
2307,2307,,,Sports Direct,1361974,La Jolla (UK) Limited,
2308,2308,,,Sports Direct,1361975,Laneshift Limited,
2309,2309,,,Sports Direct,1361976,Lillywhites Limited,
2310,2310,,,Sports Direct,1361977,Litesome Sportswear Limited,
2311,2311,,,Sports Direct,1361978,Lonsdale Australia Limited,
2314,2314,,,Sports Direct,1361981,Lovell Sports Limited,
2316,2316,,,Sports Direct,1361983,MA Online Limited,
2317,2317,,,Sports Direct,1361984,Masters Holders Limited,
2318,2318,,,Sports Direct,1361985,Megavalue.com Limited,
2319,2319,,,Sports Direct,1361986,Megavaluedirect.com Limited,
2320,2320,,,Sports Direct,1361987,Megavalue Retail Limited,
2321,2321,,,Sports Direct,1361988,Midtown Ltd,
2322,2322,,,Sports Direct,1361989,Mississippi Manufacturing LLC,
2323,2323,,,Sports Direct,1361990,Mountain Sports LLC,
2324,2324,,,Sports Direct,1361991,Sports Direct MST Sdn Bhd,
2325,2325,,,Sports Direct,1361992,Muddyfox Limited,
2327,2327,,,Sports Direct,1361994,NDS ehf,
2328,2328,,,Sports Direct,1361995,Nevica IP Limited,
2329,2329,,,Sports Direct,1361996,Newco GT Limited,
2330,2330,,,Sports Direct,1361997,No Fear Brand Limited,
2333,2333,,,Sports Direct,1362000,Oldco 10 Limited,
2334,2334,,,Sports Direct,1362001,Olympus Ventures Limited,
2335,2335,,,Sports Direct,1362002,OU Sportsdirect.com,
2336,2336,,,Sports Direct,1362003,Outdoor Sports Direct Limited,
2337,2337,,,Sports Direct,1362004,P W P Sportbase Limited,
2338,2338,,,Sports Direct,1362005,Paddle Sport Limited,
2339,2339,,,Sports Direct,1362006,POD Collection Services Limited,
2340,2340,,,Sports Direct,1362007,Propeller (U.K.) Limited,
2341,2341,,,Sports Direct,1362008,Puffa IP Limited,
2342,2342,,,Sports Direct,1362009,Queensberry Boxing IP Limited,
2344,2344,,,Sports Direct,1362011,Quickreply Limited,
2345,2345,,,Sports Direct,1362012,RR Rights Limited,
2346,2346,,,Sports Direct,1362013,Republic IP Limited,
2347,2347,,,Sports Direct,1362014,Republic.com Retail Limited,
2348,2348,,,Sports Direct,1362015,Rhapsody Investments (Europe) SA,
2349,2349,,,Sports Direct,1362016,Robinsons Country Leisure Limited,
2350,2350,,,Sports Direct,1362017,S&B Brands Limited,
2351,2351,,,Sports Direct,1362018,SD Equestrian Limited,
2354,2354,,,Sports Direct,1362021,SDB 2 S.A.,
2492,2492,,,Sports Direct,1362160,Tri Yeovil UK Limited,
2564,2564,,,Sports Direct,1362233,SDI.com Fitness Parent Limited*,
2565,2565,,,Sports Direct,1362234,SDIL S.A.,
2567,2567,,,Sports Direct,1362236,Serverange Limited,
2568,2568,,,Sports Direct,1362237,Seven Strong Limited,
2569,2569,,,Sports Direct,1362238,Shelfco A1 Limited,
2572,2572,,,Sports Direct,1362241,SIA Sportland,
2574,2574,,,Sports Direct,1362243,Ski and Outdoor Warehouse Limited,
2575,2575,,,Sports Direct,1362244,Slazengers Australia Limited,
2576,2576,,,Sports Direct,1362245,Slazenger Carlton (Holdings) Limited,
2578,2578,,,Sports Direct,1362247,Smart Protein Limited,
2579,2579,,,Sports Direct,1362248,Smith & Brooks (Germany) Limited,
2584,2584,,,Sports Direct,1362253,SNÖ Sport Vertriebs GmbH,
2585,2585,,,Sports Direct,1362254,Sondico IP Limited,
2586,2586,,,Sports Direct,1362255,Spinsort Limited,
2587,2587,,,Sports Direct,1362256,Sport Eybl & Sports Experts Logistikbetriebs GmbH,
2589,2589,,,Sports Direct,1362258,Sportland Eestie A.S.,
2594,2594,,,Sports Direct,1362263,Sportsdirect.com (Asia) Ltd,
2618,2618,,,Sports Direct,1362287,SSG Sport GmbH (SSD) Germany,
2619,2619,,,Sports Direct,1362288,Sterling Resources (Holdings) Limited,
2621,2621,,,Sports Direct,1362290,Stirlings (Argyle Street) Limited,
2622,2622,,,Sports Direct,1362291,Straub Corporation Limited,
2623,2623,,,Sports Direct,1362292,Summercombe 167 Limited,
2624,2624,,,Sports Direct,1362293,SWImmo Eupen SA,
2625,2625,,,Sports Direct,1362294,Table Tennis Pro Europe Ltd,
2626,2626,,,Sports Direct,1362295,Talisway Limited,
2627,2627,,,Sports Direct,1362296,The Antigua Group Inc,
2632,2632,,,Sports Direct,1362301,Total Estates Limited,
2633,2633,,,Sports Direct,1362302,UAB Sportland LT,
2635,2635,,,Sports Direct,1362304,Universal Cycles Limited,
2636,2636,,,Sports Direct,1362305,UP Brands Limited,
2637,2637,,,Sports Direct,1362306,USA Pro IP Limited,
2638,2638,,,Sports Direct,1362307,USC IP Limited,
2639,2639,,,Sports Direct,1362308,USC.co.uk Retail Limited,
2640,2640,,,Sports Direct,1362309,Used Tackle Limited,
2641,2641,,,Sports Direct,1362310,Van Mildert (Lifestyle) Limited,
2642,2642,,,Sports Direct,1362311,Visionfigure Limited,
2643,2643,,,Sports Direct,1362312,Vinecomb Investments Holdings Limited,
2645,2645,,,Sports Direct,1362314,Voodoo Dolls Brand Limited,
2646,2646,,,Sports Direct,1362315,Wareshop1 Limited,
2647,2647,,,Sports Direct,1362316,Wareshop2 Limited,
2648,2648,,,Sports Direct,1362317,Wareshop3 Limited,
2649,2649,,,Sports Direct,1362318,Warrnambool *,
2650,2650,,,Sports Direct,1362319,Waterline Angling Products Limited,
2651,2651,,,Sports Direct,1362320,West Coast Capital (HOFCO) Limited Scotland,
2652,2652,,,Sports Direct,1362321,Westminster Manufacturing LLC,
2653,2653,,,Sports Direct,1362322,Wildlaw Limited,
2654,2654,,,Sports Direct,1362323,William Sykes Limited,
2655,2655,,,Sports Direct,1362324,World of Service International Limited,
2657,2657,,,Sports Direct,1362326,Worthyfund Limited,
2658,2658,,,Sports Direct,1362327,Y.U.V. Limited,
2659,2659,,,Sports Direct,1362328,Yeomans Outdoors Limited,
2660,2660,2019-08-05,Jack Wills operates as a textile apparel manufacturer and designer of menswear and womenswear.,Sports Direct,764885,Jack Wills,12750000 GBP
2661,2661,,,Columbia Sportswear,1395034,Bugaboo Holdings Sàrl,
2662,2662,,,Columbia Sportswear,1395035,Columbia Brands Holding Company,
2691,2691,,,Columbia Sportswear,1395064,CSMM Hong Kong Limited,
2692,2692,,,Columbia Sportswear,1395065,CSMP Holdings Sàrl,
2693,2693,,,Columbia Sportswear,1395066,"GTS, Inc.",
2694,2694,,,Columbia Sportswear,974615,Montrail Corporation,
2695,2695,,,Columbia Sportswear,1395067,"Mountain Hardwear, Inc.",
2696,2696,,,Columbia Sportswear,1395068,OutDry Technologies Corporation,
2698,2698,,,Columbia Sportswear,1395070,Outdry Waterproofing Materials Guangzhou Limited,
2699,2699,,,Columbia Sportswear,1395071,Pacific Trail Corporation,
2700,2700,,,Columbia Sportswear,1395072,prAna Living LLC,
2701,2701,,"Founded in 1962, SOREL brings the spirit and heritage of expertly crafted footwear, outerwear and accessories to the forefront of design.",Columbia Sportswear,925666,Sorel Corporation,
2702,2702,,,Burlington Stores,1389205,Burlington Holdings,
2708,2708,,,Burlington Stores,1389216,Scottchris,
2716,2716,,,Burlington Stores,1389232,BCF Florence Urban Renewal,
2719,2719,,,Burlington Stores,1389237,Cohoes Fashions of Cranston,
2724,2724,2009-11-13,,Debenhams,1350853,Magasin,12300000 GBP
2725,2725,,,Debenhams,1350856,Debenhams Retail plc,
2729,2729,,,Debenhams,1350857,"A/S Th. Wessel & Vett, Magasin du Nord",
2730,2730,,,Debenhams,1350859,"D2T America, Inc.",
2731,2731,,,Kohl's,1364833,"Kohl's Department Stores, Inc.",
2738,2738,,,Big 5 Sporting Goods,1385874,Big 5 Corp.,
2740,2740,,,J.C. Penney,1389840,"J. C. Penney Corporation, Inc",
2741,2741,2011-11-25,,J.C. Penney,1409656,Liz Claiborne,
2742,2742,1998-12-08,,J.C. Penney,1409657,Lojas Renner S.A,
2743,2743,1996-11-04,,J.C. Penney,1409658,Eckerd,
2745,2745,,,DICK’S Sporting Goods,261799,American Sports Licensing,
2746,2746,,,DICK’S Sporting Goods,261802,Blue Sombrero,
2747,2747,,,DICK’S Sporting Goods,261805,Chick’s Sporting Goods,
2748,2748,,,DICK’S Sporting Goods,261808,Criterion Golf Technology,
2749,2749,,,DICK’S Sporting Goods,261811,DCSG Ventures,
2750,2750,,,DICK’S Sporting Goods,261815,Dick’s International Sourcing Group,
2754,2754,,,DICK’S Sporting Goods,261827,DSG Finance,
2756,2756,,,DICK’S Sporting Goods,261831,Galyan’s Trading Company,
2760,2760,2016-11-29,,DICK’S Sporting Goods,277793,GameChanger Media,
2761,2761,2016-08-19,,DICK’S Sporting Goods,277794,Affinity Sports,
2762,2762,2006-11-12,,DICK’S Sporting Goods,277796,Golf Galaxy,
2763,2763,,,DICK’S Sporting Goods,277791,DIH I Limited,
2765,2765,2007-11-25,,DICK’S Sporting Goods,277795,Chick's Sporting Goods,
2766,2766,2004-06-21,,DICK’S Sporting Goods,277797,Galyan's Trading Company,
2767,2767,2016-12-14,,Boohoo,267719,PrettyLittleThing.com,3300000 GBP
2768,2768,2017-01-09,"Nasty Gal is a fashion multichannel retailer selling vintage clothing, shoes and accessories.",Boohoo,1597,Nasty Gal,20000000 USD
2769,2769,,,Boohoo,1361491,boohoo.com UK Limited,
2770,2770,,,Boohoo,1361492,Boo Who Limited,
2775,2775,,,Boohoo,1361497,21Three Clothing Company Limited,
2779,2779,,,Boohoo,1361501,Shanghai Wasabi Frog Boohoo Ltd,
2780,2780,2017-07-25,"Jimmy Choo is a luxury footwear and accessories company, primarily focused on women's shoes.",Capri,1964,Jimmy Choo,896000000 GBP
2781,2781,,,Capri,1361688,Michael Kors (UK) Holdings Limited,
2787,2787,,"Capri Holdings, formerly known as Michael Kors Holdings, is a multinational fashion company that designs, markets, distributes, and retails branded women's and men's apparel and accessories.",Capri,1971,Capri,
2800,2800,,,Capri,1361712,MK (Shanghai) Commercial Trading Company Limited,
2823,2823,,,Capri,1361773,UAB Michael Kors (Lithuania),
2827,2827,,,Capri,1361781,JAG Acquisitions (UK) Limited,
2828,2828,,,Capri,1361783,MKJC Limited,
2831,2831,,,Capri,1361786,Choo EUR Finance Limited,
2836,2836,,,Capri,1361791,J. Choo (Jersey) Limited,
2838,2838,,,Capri,1361793,JC Industry S.r.l,
2841,2841,,,Capri,1361796,J Choo USA Inc.,
2846,2846,,,Capri,1361804,Itachoo S.r.l.,
2848,2848,,,Capri,1361806,Franchoo SAS,
2860,2860,,,Capri,1361818,J.Choo Japan JV Ltd.,
2869,2869,2018-09-24,Gianni Versace is an Italian luxury fashion company.,Capri,251261,Versace,2120000000 USD
2870,2870,2017-04-25,Christian Dior is a designer of luxurious fashion apparel and accessories.,LVMH,142219,Christian Dior,13100000000 USD
2871,2871,2017-11-21,,LVMH,294896,Colgin Cellars,
2872,2872,2017-03-20,,LVMH,1361623,Maison Francis Kurkdjian,
2873,2873,2016-10-04,,LVMH,1279627,RIMOWA GmbH,640000000 EUR
2874,2874,2013-09-20,,LVMH,1361624,Nicholas Kirkwood Ltd,
2875,2875,2013-07-09,"Loro Piana operates in the luxury goods industry providing authentic quality. For six generations,",LVMH,210044,Loro Piana,2000000 USD
2876,2876,2013-06-27,,LVMH,1361625,Caffè Cova,
2877,2877,2011-11-10,,LVMH,1361626,ArteCad SA,
2878,2878,2011-03-07,,LVMH,1361627,Bulgari SpA,
2879,2879,2009-08-13,,LVMH,1361628,Chateau Cheval Blanc SA,
2880,2880,2008-09-01,,LVMH,1361629,Royal van Lent Shipyard,
2881,2881,2008-04-24,,LVMH,1361630,Hublot,
2882,2882,2007-11-06,,LVMH,135110,Les Echos,
2883,2883,2005-01-13,,LVMH,1361631,Chaumet Horlogerie SA,
2884,2884,2004-10-21,Creators of Highland Single Malt Scotch Whiskies since 1843.,LVMH,502686,The Glenmorangie Company Ltd,300000000 GBP
2885,2885,2002-07-19,,LVMH,1361632,Millennium Import LLC,
2886,2886,2001-11-28,,LVMH,1361633,The Donna Karan Company,
2887,2887,2001-11-25,,LVMH,967843,Fendi S.R.L.,225000000 USD
2888,2888,2001-09-13,,LVMH,1361634,Acqua di Parma S.r.l.,
2889,2889,2000-02-18,,LVMH,1361635,Emilio Pucci S.r.l.,
2890,2890,2000-01-25,,LVMH,1361636,Starboard Cruise Services,
2891,2891,1999-11-15,,LVMH,1361637,Zenith SA,
2892,2892,1999-09-25,,LVMH,1361638,Thomas Pink-del,
2893,2893,1999-09-14,,LVMH,1361639,Benefit Cosmetics,
2894,2894,1999-09-13,TAG Heuer is a Swiss Luxury Watches For Men and For Women.,LVMH,240099,TAG Heuer,740000000 USD
2895,2895,1999-04-21,,LVMH,1361640,Château d'Yquem,
2896,2896,1999-01-01,,LVMH,1361641,Make Up For Ever SA,
2897,2897,1997-07-23,,LVMH,1361642,Sephora SA,
2898,2898,1997-01-11,,LVMH,1361643,DFS Group Limited,
2899,2899,1997-01-01,"Slightly bohemian, a little off-color.",LVMH,240046,Marc Jacobs,
2900,2900,1996-01-01,,LVMH,1361644,Céline S.A.,
2901,2901,1996-01-01,,LVMH,1361645,Fred Joaillier,
2902,2902,1994-01-01,,LVMH,1361646,Guerlain-del,
2903,2903,2018-12-14,"Belmond (formerly known as Orient-Express Hotels) is a hotel and leisure company that operates luxury hotels, train services and river cruises around the world.",LVMH,10791,Belmond,3200000000 USD
2904,2904,,Bath & Body Works Brand Managemen,L Brands,132364,Bath & Body Works Brand Management,
2905,2905,,,L Brands,264789,beautyAvenues,
2906,2906,,,L Brands,264790,Intimate Brands Holding,
2908,2908,,,L Brands,264794,L (Overseas) Holdings LP,
2911,2911,,,L Brands,264797,Mast Industries,
2912,2912,,,L Brands,264798,Retail Store Operations,
2913,2913,,,L Brands,264799,Victoria's Secret Direct Brand Management,
2916,2916,,,Arcadia,1353877,Arcadia Group Limited,
2927,2927,,,Arcadia,1353888,Arcadla (401k) Trustee Limited,
2928,2928,,,Arcadia,1353889,AG Clothing Limited,
2935,2935,,,Arcadia,1353896,BE Leasing Limited,
2936,2936,,,Arcadia,1353897,Boathouse Limited,
2937,2937,,,Arcadia,1353898,Burton/Dorothy Perkins Properties Limited,
2938,2938,,,Arcadia,1353899,Burton Property Trust Limited,
2941,2941,,,Arcadia,1353902,Caraway Group Limited,
2942,2942,,,Arcadia,1353903,Castle Trustee Limited,
2943,2943,,,Arcadia,1353904,Collier Finance Limited,
2944,2944,,,Arcadia,1353905,Dorothy Perkins Limited,
2947,2947,,,Arcadia,1353908,Evans Limited,
2950,2950,,,Arcadia,1353911,GE Investors Jersey (No 2) Limited,
2951,2951,,,Arcadia,1353912,Gresse Street Limited,
2952,2952,,,Arcadia,1353913,Hudson Accounting (No 1) Limited,
2954,2954,,,Arcadia,1353915,Matte Card Services Limited,
2955,2955,,,Arcadia,1353916,Miss Seltridge Retail Limited,
2958,2958,,,Arcadia,1353919,Monmgue Burton Employees Savings,
2959,2959,,,Arcadia,1353920,Trustee Limited,
2960,2960,,,Arcadia,1353921,Montague Burton Properties Limited,
2962,2962,,,Arcadia,1353923,Muse Retail Limited,
2963,2963,,,Arcadia,1353924,Out?t Retail Limited,
2964,2964,,,Arcadia,1353925,Outfit Retail Properties Limited,
2965,2965,,,Arcadia,1353926,Parkwood Topsnop Athletic Limited,
2966,2966,,,Arcadia,1353927,Redcastle Limited,
2976,2976,,,Arcadia,1353937,SVML Limited,
2977,2977,,,Arcadia,1353938,Tammy (Girlswear) Limited,
2978,2978,,,Arcadia,1353939,Tap Shop/Top Mari Limited,
2979,2979,,,Arcadia,1353940,Top Shop/Top Mari (Australia) Limited,
2987,2987,,,Arcadia,1353948,Wallis (London) Limited,
2991,2991,,,Arcadia,1353952,Wilton Equity Limited,
2992,2992,,,Arcadia,1353953,Zoomco uk Limited,
2993,2993,1998-06-30,,Arcadia,1354135,Wade Smith,
2994,2994,2009-12-31,,Arcadia,1354140,Bhs Group Limeted,
2995,2995,,,Levi Strauss & Co,1382804,Levi Strauss (Australia) Pty. Ltd.,
3000,3000,,,Levi Strauss & Co,1382809,Majestic Insurance International,
3005,3005,,,Levi Strauss & Co,1382814,Levi's Footwear & Accessories (China) Ltd,
3008,3008,,,Levi Strauss & Co,1382817,Paris - O.L.S. S.A.R.L.,
3017,3017,,,Levi Strauss & Co,1382826,PT Levi Strauss Indonesia,
3020,3020,,,Levi Strauss & Co,1382829,World Wide Logistics S.R.L.,
3024,3024,,,Levi Strauss & Co,1382833,LS Retail (Malaysia) Sdn. Bhd.,
3026,3026,,,Levi Strauss & Co,1382835,Administradora Levi Strauss Mexico,
3027,3027,,,Levi Strauss & Co,1382836,Distribuidora Levi Strauss Mexico,
3031,3031,,,Levi Strauss & Co,1382840,LVC B.V.,
3036,3036,,,Quiksilver,1394924,"DC Direct, Inc.",
3038,3038,,,Quiksilver,1394926,"Fidra, Inc.",
3039,3039,,,Quiksilver,1394927,"Hawk Designs, Inc.",
3040,3040,,,Quiksilver,1394928,"Mt. Waimea, Inc.",
3041,3041,,,Quiksilver,1394929,"QS Optics, Inc.",
3044,3044,,,Quiksilver,1394932,"Quiksilver Entertainment, Inc.",
3046,3046,,,Quiksilver,1394934,Caribbean Pty Ltd.,
3048,3048,,,Quiksilver,1394936,Pavilion Productions Pty Ltd.,
3050,3050,,,Quiksilver,1394938,QSJ Holdings Pty Ltd.,
3054,3054,,,Quiksilver,1394942,Ug Manufacturing Co. Pty Ltd.,
3055,3055,,,Quiksilver,1394943,UMTT Pty Ltd.,
3056,3056,,,Quiksilver,1394944,Vanuatu GmBH,
3057,3057,,,Quiksilver,1394945,Hanalei NV,
3065,3065,,,Quiksilver,1394954,Chloelys Investment Ltd.,
3066,3066,,,Quiksilver,1394956,Distribution s.r.o.,
3067,3067,,,Quiksilver,1394957,Uluwatu Aps,
3068,3068,,,Quiksilver,1394958,Fistral Oy,
3069,3069,,,Quiksilver,1394959,Cariboo SARL,
3070,3070,,,Quiksilver,1394960,Drop In SARL,
3071,3071,,,Quiksilver,1394961,Echo Beach Café SARL,
3072,3072,,,Quiksilver,1394962,Emerald Coast SAS,
3073,3073,,,Quiksilver,1394963,Kokolo SARL,
3074,3074,,,Quiksilver,1394964,Meribel SAS,
3075,3075,,,Quiksilver,1394965,Na Pali Europe SARL,
3077,3077,,,Quiksilver,1394967,Pilot SAS,
3078,3078,,,Quiksilver,1394968,Tavarua SCI,
3080,3080,,,Quiksilver,1394970,Zebraska SARL,
3081,3081,,,Quiksilver,1394971,Kauai GmBH,
3083,3083,,,Quiksilver,1394973,Main Bridge,
3090,3090,,,Quiksilver,1394980,PT Quiksilver Indonesia,
3091,3091,,,Quiksilver,1394981,Namotu Ltd.,
3092,3092,,,Quiksilver,1394982,Haapiti SRL,
3095,3095,,,Quiksilver,1394985,54th Street Holdings SARL,
3096,3096,,,Quiksilver,1394986,Biarritz Holdings SARL,
3097,3097,,,Quiksilver,1394987,Boardriders SA,
3098,3098,,,Quiksilver,1394988,Mountain & Wave SARL,
3101,3101,,,Quiksilver,1394991,"Consultoria en Ventas Gama, S. de R.L. de C.V.",
3104,3104,,,Quiksilver,1394994,Pukalani BV,
3107,3107,,,Quiksilver,1394997,Rawaki sp. Zoo,
3108,3108,,,Quiksilver,1394998,Tarawa Lda.,
3109,3109,,,Quiksilver,1394999,Santocha Ltd.,
3112,3112,,,Quiksilver,1395003,New Pier Trading Ltd.,
3113,3113,,,Quiksilver,1395004,Sumbawa SL,
3114,3114,,,Quiksilver,1395005,Sunshine Diffusion SA,
3117,3117,,,Quiksilver,1395008,Lanai Ltd.,
3118,3118,,,Quiksilver,1395009,Molokai Ltd.,
3119,3119,2018-10-30,,Hibbett Sports,1362893,City Gear,88000000 USD
3120,3120,2017-03-16,True & Co is an online lingerie company.,PVH,247982,True & Co,
3121,3121,2018-01-30,"At Mezi, we aim to make mobile shopping as quick and easy as possible, so you can get back to the things that are most important to you.",Express,245741,Mezi,
3122,3122,2018-03-27,Cake Technologies is launching mobile browser with swipeable search results and customizable search tools.,Express,282654,Cake Technologies,10000000 USD
3123,3123,2019-03-11,"LoungeBuddy is the only single resource for travelers to be able to locate, review, and access airport lounges around the world.",Express,115760,LoungeBuddy,
3124,3124,2019-05-15,Resy builds operations software for restaurants.,Express,205475,Resy Network,
3125,3125,,,Mothercare,1361701,Chelsea Stores Holdings Limited,
3127,3127,,,Mothercare,1361705,Early Learning Holdings Limited,
3130,3130,,,Mothercare,1361711,Mothercare Group Sourcing Limited,
3131,3131,,,Mothercare,1361713,ELC Limited,
3132,3132,,,Mothercare,1361715,Galleria Limited,
3134,3134,,,Mothercare,1361719,TCR Properties Limited,
3140,3140,,,Mothercare,1361731,Mini Club UK Limited,
3143,3143,,,Mothercare,1361738,Childrens World Limited,
3144,3144,,,Mothercare,1361740,Gurgle Limited,
3148,3148,,,Mothercare,1361748,Princess Products Limited,
3153,3153,,,Mothercare,1361772,Clothing Retailers Limited,
3154,3154,,,Mothercare,1361774,Retail Clothing Limited,
3155,3155,,,Mothercare,1361776,Strobe (2) Investments Limited,
3158,3158,2016-06-21,Yihaodian is a B2C-based e-commerce company in China.,JD.com,70468,Yihaodian,
3159,3159,,,JD.com,1349756,"Beijing Jingdong Century Trade Co., Ltd.",
3160,3160,,,JD.com,1349757,"Guangzhou Jingdong Trading Co., Ltd.",
3161,3161,,,JD.com,1349758,"Shanghai Yuanmai Trading Co., Ltd.",
3162,3162,,,JD.com,1349760,"Jiangsu Jingdong Information Technology Co., Ltd.",
3163,3163,,,JD.com,1349761,"Chengdu Jingdong Century Trading Co., Ltd.",
3165,3165,,,JD.com,1349763,"Wuhan Jingdong Century Trading Co., Ltd.",
3167,3167,,,JD.com,1349765,"Jingdong E-Commerce (Express) Hong Kong Co., Ltd.",
3169,3169,,,JD.com,1349768,"Shenyang Jingdong Century Trading Co., Ltd.",
3173,3173,,,JD.com,1349772,JD.com International Limited,
3175,3175,,,JD.com,1349774,"Tianjin Star East Co., Ltd.",
3178,3178,,,JD.com,1349777,"Chongqing Jingdong Haijia E-commerce Co., Ltd.",
3181,3181,,,JD.com,1349781,Fortune Rising Holdings Ltd,
3183,3183,,,JD.com,1349783,"Suqian Limao Donghong Investment Management Co., Ltd.",
3185,3185,,,JD.com,1349785,"Chinabank Payment Business Services Co., Ltd.",
3189,3189,,,JD.com,1395988,JD Logistics Holding Limited,
3206,3206,,,JD.com,1396005,"Xi’an Jingxundi Supply Chain Technology Co., Ltd.",
3218,3218,,,JD.com,1396017,"Hengqin Junze Management and Consulting Co., Ltd.",
3220,3220,,,Urban Outfitters,1064056,Anthropologie,
3221,3221,,,Urban Outfitters,1361255,Urban Outfitters Wholesale,
3222,3222,,,Urban Outfitters,1361256,URBN UK Limited,
3225,3225,,,Urban Outfitters,1361259,UO Fenwick,
3228,3228,,,Urban Outfitters,1361262,Free People of PA LLC,
3229,3229,,,Urban Outfitters,1361263,U.O. Real Estate LLC,
3237,3237,,,Urban Outfitters,1361271,HK Sourcing Limited,
3239,3239,,,Urban Outfitters,1361273,J. Franklin Styer Nurseries,
3259,3259,,,Urban Outfitters,1361293,UK Group Finance Holdco Limited,
3276,3276,2003-10-10,,Stage Stores,1389847,Peebles,
3277,3277,,,Stage Stores,1389846,"Specialty Retailers, Inc.",
3278,3278,2015-07-12,"Locket is a Android lock screen app that brings stuff you care about to your lock screen based on your interests, swiping habits, and time.",Wish,122145,Locket,
3279,3279,2018-10-08,Klarna is an e-commerce payment solutions company for merchants and shoppers.,H&M,624,Klarna,20000000 USD
3280,3280,,,JD Sports Fashion,1345730,	 Finish Line,
3281,3281,2012-01-09,"Blacks Outdoor Retail offers outdoor footwear, apparel, and equipment for men, women, and kids.",JD Sports Fashion,1361622,Blacks Outdoor Retail,20000000 GBP
3282,3282,2011-06-23,"schuh is a footwear retailer selling over 80 brands, including: Converse, Vans, UGG, Nike, Adidas as well as its own schuh label. ",Genesco,126268,schuh,100000000 GBP
3283,3283,,,Christian Dior,1361802,Sadifa,
3284,3284,,,Christian Dior,1361801,Financière Jean Goujon,
3285,3285,,,Christian Dior,1361803,CD Investissements,
3286,3286,,,ANN,1403132,ChannelAdvisor (Barbados) Ltd,
3288,3288,,,ANN,1403131,CA Washington,
3301,3301,,,Hugo Boss,1361649,BIL Leasing Verwaltungs-GmbH & Co. 869 KG,
3302,3302,,,Hugo Boss,1361650,GRAMOLERA Grundstücks-Vermietungsgesellschaft Objekt Ticino mbH,
3303,3303,,,Hugo Boss,1361651,HUGO BOSS (Schweiz) AG,
3322,3322,,,Hugo Boss,1361672,Lotus (Shenzhen) Commerce Ltd.,
3324,3324,,,Hugo Boss,1361674,ROSATA Grundstücks-Vermietungsgesellschaft mbH & Co. Objekt Dieselstraße KG,
3328,3328,2017-07-31,Scripps Networks Interactive is a media company.,Very,2088,Scripps Networks Interactive,14600000000 USD
3329,3329,2017-07-07,,Anta,1352797,Banco Popular,1 EUR
3330,3330,2015-03-06,Carfinco Financial Group Inc. provides vehicle financing to consumers who are not able to obtain it from more traditional lending sources.,Anta,215742,Carfinco Financial Group,210000000 EUR
3331,3331,2013-10-01,,Anta,1352798,El Corte Inglés,140000000 EUR
3332,3332,2011-03-29,,Anta,1352799,BZW Bank,
3333,3333,2008-07-14,,Anta,1352800,Alliance & Leicester,1300000000 GBP
3334,3334,2004-11-12,,Anta,1352801,Abbey National,
3335,3335,2000-05-27,,Anta,1352802,Patagon.com,
3336,3336,1996-10-24,,Anta,1352803,"Grupo Financiero Santander, SAB de CV",
3337,3337,,,Anta,1352804,Santander Bank,
3340,3340,,Bankin and Finance,Anta,159430,OpenBank,
3341,3341,,,Anta,1352810,Bank Zachodni WBK,
3344,3344,,,Anta,1352817,Isban,
3355,3355,,,Anta,1352838,SAM Investment Holdings Limited,
3358,3358,,,Anta,1352846,La Union Resinera Española SA,
3361,3361,,,Anta,1352851,Sistema 4B S.A.,
3362,3362,,,Anta,1352853,Sterrebeeck B.V.,
3364,3364,,,Anta,1352857,"Santusa Holding, S.L.",
3370,3370,,,Anta,1352873,Fosse Master Issuer plc,
3371,3371,,,Anta,1352878,"Servicios de Cobranza, Recuperación y Seguimiento, S.A. De C.V.",
3374,3374,,,Anta,1352869,"Hispamer Servicios Financieros Establecimiento Financiero De Credito, S.A.",
3377,3377,,,Anta,1352883,Socur S.A.,
3378,3378,,,Anta,1352868,"Portal Universia, S.A.",
3381,3381,,,Anta,1352879,Aquanima México S. de R.L. de C.V.,
3382,3382,,,Anta,1352874,"Parque Eólico el Mezquite, S.A.P.I. de C.V.",
3383,3383,,,Anta,1352877,Optimal Investment Services S.A.,
3384,3384,2013-04-01,Akzo Nobel is a paints and coatings company operating through Decorative Paints and Performance Coatings segments.,PG,170425,AkzoNobel,
3385,3385,,,PG,1391081,CG Holdings Manufacturing Co.,
3386,3386,,,PG,752257,Cuming Microwave Corporation,
3387,3387,,,PG,1391082,"Electra-Finish, Inc.",
3388,3388,,,PG,1391083,"I.V.C. Industrial Coatings, Inc.",
3389,3389,,,PG,1248251,MetoKote Corporation,
3391,3391,,,PG,1391085,"PaintZen, Inc.",
3392,3392,,,PG,1391086,"PPG Architectural Finishes, Inc.",
3399,3399,,,PG,1391094,"SEM Products, Inc.",
3400,3400,,,PG,1391095,"PRC-DeSoto International, Inc.",
3401,3401,,,PG,1391096,Sierracin Corporation,
3402,3402,,,PG,1391097,Sierracin/Sylmar Corporation,
3405,3405,,,PG,1391100,"Vanex, Inc.",
3406,3406,,,PG,1391555,Alermac Inversiones,
3407,3407,,,PG,1047185,Brown Brothers Distribution Limited,
3408,3408,,,PG,1391556,Centro de Investigacion en Polimeros,
3409,3409,,,PG,1391557,Comercial Mexicana de Pinturas,
3411,3411,,,PG,1391559,Consorcio Comex,
3413,3413,,,PG,1391561,Distribuidora Kroma,
3414,3414,,,PG,1391562,Dyrup SAS,
3415,3415,,,PG,1391563,Empresa AGA,
3416,3416,,"Headquartered in San Francisco, EPIC Insurance Brokers and Consultants has nationwide presence with a depth of industry expertise across key lines of insurance.",PG,253216,EPIC Insurance,
3417,3417,,,PG,1391564,Erlenbrunnen Grundstucksverwaltung,
3418,3418,,,PG,1391565,Fabrica de Pinturas Universales,
3419,3419,,,PG,1391566,Foshan Bairun Chemicals,
3420,3420,,,PG,916279,Grupo Comex,
3421,3421,,,PG,1082365,Hodij Coatings,
3422,3422,,,PG,1391567,IVC Nan Sha,
3423,3423,,,PG,1391568,Kalon Investment Company Limited,
3425,3425,,,PG,1391571,Malcolm Enamellers ACP Limited,
3430,3430,,,PG,1391576,Peintures de Paris SAS,
3431,3431,,,PG,1391577,Pinturerias del Istmo,
3432,3432,,,PG,1391578,Plasticos Envolventes,
3522,3522,,,PG,1391668,PRC Desoto Australia Pty,
3524,3524,,,PG,1391670,Prominent Paints Proprietary Limited,
3525,3525,,,PG,1391671,Protec Pty,
3526,3526,,,PG,1391672,PT PPG Coatings Indonesia,
3530,3530,,,PG,1391676,Schoch Holding AG,
3531,3531,,,PG,1391677,Sealants Europe SAS,
3532,3532,,,PG,1391678,Sigma Marine and Protective Coatings Holding,
3533,3533,,,PG,1391679,SigmaKalon (BC) UK Limited,
3536,3536,,,PG,1391682,Sikar (Shanghai) Trading,
3537,3537,,,PG,1391683,Societe des Anciens Etablissements Peppler,
3538,3538,,,PG,1391684,Spraylat Coatings (Shanghai) Limited,
3539,3539,,,PG,1391685,Viasa,
3540,3540,2014-06-30,Comex is a company that produces and distributes paints and coatings.,PG,198541,Comex,2300000000 USD
3541,3541,2014-06-01,A Pittsburgh-based architectural paint distributor,PG,198694,Masterwork Paint,
3542,3542,2015-04-01,,PG,1199688,Revocoat S.A.S,
3543,3543,2015-10-01,,PG,1413682,Chemfil Canada Limited,
3544,3544,2016-10-01,,PG,1413683,Deutek SA,
3545,3545,2017-07-20,,PG,289495,The Crown Group Inc,
3546,3546,2018-01-02,,PG,1413684,ProCoatings BV,
3547,3547,2018-01-15,"PaintZen is an e-commerce platform that enables individuals to book, schedule, and pay for home and office painters.",PG,114608,Paintzen,75000000 USD
3548,3548,2019-06-22,Dexmet Corporation manufactures precision expanded metal foils and polymers with exacting mechanical and electrical properties. ,PG,667615,Dexmet Corporation,
3549,3549,,SOLS offers a software platform and mobile application that enables users to design and purchase customized orthotics for their feet.,Aetrex,1533,Sols,
3550,3550,2018-02-02,"CirrusOne provides consulting services for configure, price, quote, customer lifecycle management, billing, and customer success solutions.",Implus,282934,CirrusOne,
